keyword,url,type,priority
cleaning services cape town,https://shalean.co.za/,page,P0
house cleaning cape town,https://shalean.co.za/services/standard-cleaning-cape-town,page,P0
home cleaning cape town,https://shalean.co.za/services,page,P0
professional cleaners cape town,https://shalean.co.za/about,page,P0
book cleaner online cape town,https://shalean.co.za/book,page,P0
affordable cleaning cape town,https://shalean.co.za/,page,P0
same day cleaning cape town,https://shalean.co.za/blog/same-day-cleaning-cape-town,post,P1
trusted cleaning company cape town,https://shalean.co.za/reviews,page,P0
cleaning services from R250 cape town,https://shalean.co.za/,page,P0
get cleaning quote cape town,https://shalean.co.za/quote,page,P0
standard cleaning cape town,https://shalean.co.za/services/standard-cleaning-cape-town,page,P0
deep cleaning cape town,https://shalean.co.za/services/deep-cleaning-cape-town,page,P0
move out cleaning cape town,https://shalean.co.za/services/move-out-cleaning-cape-town,page,P0
end of tenancy cleaning cape town,https://shalean.co.za/services/move-out-cleaning-cape-town,page,P0
airbnb cleaning cape town,https://shalean.co.za/services/airbnb-cleaning-cape-town,page,P0
airbnb turnover cleaning cape town,https://shalean.co.za/services/airbnb-cleaning-cape-town,page,P0
office cleaning cape town,https://shalean.co.za/services/office-cleaning-cape-town,page,P0
carpet cleaning cape town,https://shalean.co.za/services/carpet-cleaning-cape-town,page,P1
window cleaning cape town,https://shalean.co.za/services/window-cleaning-cape-town,page,P1
weekly cleaning cape town,https://shalean.co.za/blog/weekly-cleaning-routine-busy-professionals-cape-town,post,P1
cleaning prices cape town,https://shalean.co.za/blog/how-much-does-cleaning-cost-cape-town-2026,post,P0
how much does house cleaning cost cape town,https://shalean.co.za/blog/how-much-does-cleaning-cost-cape-town-2026,post,P0
cleaning quotes cape town,https://shalean.co.za/quote,page,P0
deep cleaning price cape town,https://shalean.co.za/services/deep-cleaning-cape-town,page,P1
move out cleaning cost cape town,https://shalean.co.za/blog/move-out-cleaning-checklist-cape-town,post,P1
airbnb cleaning cost cape town,https://shalean.co.za/blog/airbnb-cleaning-cost-cape-town,post,P1
what affects cleaning quotes cape town,https://shalean.co.za/blog/what-affects-cleaning-quotes-cape-town,post,P2
cleaning cost cape town 2026,https://shalean.co.za/blog/how-much-does-cleaning-cost-cape-town-2026,post,P1
deep cleaning vs standard cleaning cape town,https://shalean.co.za/blog/deep-cleaning-vs-regular-cleaning-cape-town,post,P1
deep cleaning vs regular cleaning cape town,https://shalean.co.za/blog/deep-cleaning-vs-regular-cleaning-cape-town,post,P1
airbnb cleaning vs regular cleaning cape town,https://shalean.co.za/blog/airbnb-host-vs-regular-cleaning-cape-town,post,P1
is it worth hiring a cleaner cape town,https://shalean.co.za/blog/is-it-worth-hiring-cleaner-cape-town,post,P1
how often deep clean home cape town,https://shalean.co.za/blog/how-often-deep-clean-home-cape-town,post,P2
how often book home cleaning cape town,https://shalean.co.za/blog/how-often-book-home-cleaning-cape-town,post,P2
cleaning services sea point,https://shalean.co.za/locations/sea-point-cleaning-services,page,P0
cleaning services claremont,https://shalean.co.za/locations/claremont-cleaning-services,page,P0
cleaning services rondebosch,https://shalean.co.za/locations/rondebosch-cleaning-services,page,P0
cleaning services green point,https://shalean.co.za/locations/green-point-cleaning-services,page,P0
cleaning services gardens cape town,https://shalean.co.za/locations/gardens-cleaning-services,page,P1
cleaning services camps bay,https://shalean.co.za/locations/camps-bay-cleaning-services,page,P1
cleaning services durbanville,https://shalean.co.za/locations/durbanville-cleaning-services,page,P1
cleaning services observatory,https://shalean.co.za/locations/observatory-cleaning-services,page,P1
cleaning services wynberg,https://shalean.co.za/locations/wynberg-cleaning-services,page,P1
cleaning services constantia,https://shalean.co.za/locations/constantia-cleaning-services,page,P1
airbnb cleaning checklist cape town,https://shalean.co.za/blog/airbnb-cleaning-checklist-cape-town,post,P1
best airbnb cleaning tips cape town,https://shalean.co.za/blog/best-airbnb-cleaning-tips-cape-town,post,P2
prepare airbnb for cleaning,https://shalean.co.za/blog/prepare-airbnb-for-cleaning,post,P2
move out cleaning checklist cape town,https://shalean.co.za/blog/move-out-cleaning-checklist-cape-town,post,P1
rental handover cleaning cape town,https://shalean.co.za/blog/move-out-cleaning-guide,post,P2
prepare home before cleaner arrives,https://shalean.co.za/blog/prepare-home-before-cleaner-arrives-cape-town,post,P2
